-- MySQL dump 10.13  Distrib 8.0.27, for Linux (x86_64)
--
-- Host: localhost    Database: delivery
-- ------------------------------------------------------
-- Server version	8.0.27

/*!40101 SET @OLD_CHARACTER_SET_CLIENT=@@CHARACTER_SET_CLIENT */;
/*!40101 SET @OLD_CHARACTER_SET_RESULTS=@@CHARACTER_SET_RESULTS */;
/*!40101 SET @OLD_COLLATION_CONNECTION=@@COLLATION_CONNECTION */;
/*!50503 SET NAMES utf8mb4 */;
/*!40103 SET @OLD_TIME_ZONE=@@TIME_ZONE */;
/*!40103 SET TIME_ZONE='+00:00' */;
/*!40014 SET @OLD_UNIQUE_CHECKS=@@UNIQUE_CHECKS, UNIQUE_CHECKS=0 */;
/*!40014 SET @OLD_FOREIGN_KEY_CHECKS=@@FOREIGN_KEY_CHECKS, FOREIGN_KEY_CHECKS=0 */;
/*!40101 SET @OLD_SQL_MODE=@@SQL_MODE, SQL_MODE='NO_AUTO_VALUE_ON_ZERO' */;
/*!40111 SET @OLD_SQL_NOTES=@@SQL_NOTES, SQL_NOTES=0 */;

--
-- Table structure for table `address_book`
--

DROP TABLE IF EXISTS `address_book`;
/*!40101 SET @saved_cs_client     = @@character_set_client */;
/*!50503 SET character_set_client = utf8mb4 */;
CREATE TABLE `address_book` (
  `id` bigint NOT NULL COMMENT '主键',
  `user_id` bigint NOT NULL COMMENT '用户id',
  `consignee` varchar(50) CHARACTER SET utf8 COLLATE utf8_bin NOT NULL COMMENT '收货人',
  `sex` tinyint NOT NULL COMMENT '性别 0 女 1 男',
  `phone` varchar(11) CHARACTER SET utf8 COLLATE utf8_bin NOT NULL COMMENT '手机号',
  `province_code` varchar(12) CHARACTER SET utf8mb4 COLLATE utf8mb4_0900_ai_ci DEFAULT NULL COMMENT '省级区划编号',
  `province_name` varchar(32) CHARACTER SET utf8mb4 COLLATE utf8mb4_0900_ai_ci DEFAULT NULL COMMENT '省级名称',
  `city_code` varchar(12) CHARACTER SET utf8mb4 COLLATE utf8mb4_0900_ai_ci DEFAULT NULL COMMENT '市级区划编号',
  `city_name` varchar(32) CHARACTER SET utf8mb4 COLLATE utf8mb4_0900_ai_ci DEFAULT NULL COMMENT '市级名称',
  `district_code` varchar(12) CHARACTER SET utf8mb4 COLLATE utf8mb4_0900_ai_ci DEFAULT NULL COMMENT '区级区划编号',
  `district_name` varchar(32) CHARACTER SET utf8mb4 COLLATE utf8mb4_0900_ai_ci DEFAULT NULL COMMENT '区级名称',
  `detail` varchar(200) CHARACTER SET utf8mb4 COLLATE utf8mb4_0900_ai_ci DEFAULT NULL COMMENT '详细地址',
  `label` varchar(100) CHARACTER SET utf8mb4 COLLATE utf8mb4_0900_ai_ci DEFAULT NULL COMMENT '标签',
  `is_default` tinyint(1) NOT NULL DEFAULT '0' COMMENT '默认 0 否 1是',
  `create_time` datetime NOT NULL COMMENT '创建时间',
  `update_time` datetime NOT NULL COMMENT '更新时间',
  `create_user` bigint NOT NULL COMMENT '创建人',
  `update_user` bigint NOT NULL COMMENT '修改人',
  `is_deleted` int NOT NULL DEFAULT '0' COMMENT '是否删除',
  PRIMARY KEY (`id`) USING BTREE
) ENGINE=InnoDB DEFAULT CHARSET=utf8mb3 COLLATE=utf8_bin COMMENT='地址管理';
/*!40101 SET character_set_client = @saved_cs_client */;

--
-- Dumping data for table `address_book`
--

LOCK TABLES `address_book` WRITE;
/*!40000 ALTER TABLE `address_book` DISABLE KEYS */;
INSERT INTO `address_book` VALUES (1656898082304135170,1656893898544627713,'ni',1,'18222222222',NULL,NULL,NULL,NULL,NULL,NULL,'某某小区','家',1,'2023-05-12 13:44:21','2023-05-12 13:45:11',1656893898544627713,1656893898544627713,0),(1656898267700760578,1656893898544627713,'ni',1,'13619885722',NULL,NULL,NULL,NULL,NULL,NULL,'西电','学校',0,'2023-05-12 13:45:05','2023-05-12 13:45:10',1656893898544627713,1656893898544627713,0);
/*!40000 ALTER TABLE `address_book` ENABLE KEYS */;
UNLOCK TABLES;

--
-- Table structure for table `category`
--

DROP TABLE IF EXISTS `category`;
/*!40101 SET @saved_cs_client     = @@character_set_client */;
/*!50503 SET character_set_client = utf8mb4 */;
CREATE TABLE `category` (
  `id` bigint NOT NULL COMMENT '主键',
  `type` int DEFAULT NULL COMMENT '类型   1 菜品分类 2 套餐分类',
  `name` varchar(64) CHARACTER SET utf8 COLLATE utf8_bin NOT NULL COMMENT '分类名称',
  `sort` int NOT NULL DEFAULT '0' COMMENT '顺序',
  `create_time` datetime NOT NULL COMMENT '创建时间',
  `update_time` datetime NOT NULL COMMENT '更新时间',
  `create_user` bigint NOT NULL COMMENT '创建人',
  `update_user` bigint NOT NULL COMMENT '修改人',
  PRIMARY KEY (`id`) USING BTREE,
  UNIQUE KEY `idx_category_name` (`name`)
) ENGINE=InnoDB DEFAULT CHARSET=utf8mb3 COLLATE=utf8_bin COMMENT='菜品及套餐分类';
/*!40101 SET character_set_client = @saved_cs_client */;

--
-- Dumping data for table `category`
--

LOCK TABLES `category` WRITE;
/*!40000 ALTER TABLE `category` DISABLE KEYS */;
INSERT INTO `category` VALUES (1656956423663460354,1,'人气Top',1,'2023-05-12 17:36:11','2023-05-12 17:36:11',1656893898544627713,1656893898544627713),(1656956494123573249,2,'爆款套餐',2,'2023-05-12 17:36:28','2023-05-12 17:36:28',1656893898544627713,1656893898544627713),(1656956558137040898,1,'夏日冰咖季',3,'2023-05-12 17:36:43','2023-05-12 17:36:43',1656893898544627713,1656893898544627713),(1656956604890947585,1,'大师咖啡',4,'2023-05-12 17:36:54','2023-05-12 17:36:54',1656893898544627713,1656893898544627713),(1656956662629736450,1,'小黑杯',5,'2023-05-12 17:37:08','2023-05-12 17:37:08',1656893898544627713,1656893898544627713),(1656956767705440258,1,'中国茶咖',6,'2023-05-12 17:37:33','2023-05-12 17:37:33',1656893898544627713,1656893898544627713),(1656956832381607938,1,'生椰阶组',7,'2023-05-12 17:37:48','2023-05-12 17:37:48',1656893898544627713,1656893898544627713),(1656956890741153794,1,'厚乳拿铁',8,'2023-05-12 17:38:02','2023-05-12 17:38:02',1656893898544627713,1656893898544627713),(1656956951650836481,1,'丝绒拿铁',9,'2023-05-12 17:38:17','2023-05-12 17:38:17',1656893898544627713,1656893898544627713),(1656957033276186625,1,'生酪拿铁',10,'2023-05-12 17:38:36','2023-05-12 17:38:36',1656893898544627713,1656893898544627713),(1656957076284579841,1,'经典拿铁',11,'2023-05-12 17:38:46','2023-05-12 17:38:46',1656893898544627713,1656893898544627713),(1656957173177196546,1,'瑞纳冰',12,'2023-05-12 17:39:10','2023-05-12 17:39:10',1656893898544627713,1656893898544627713),(1656957212339412994,1,'不喝咖啡',13,'2023-05-12 17:39:19','2023-05-12 17:39:19',1656893898544627713,1656893898544627713),(1656957268132044802,1,'甜品点心',14,'2023-05-12 17:39:32','2023-05-12 17:39:32',1656893898544627713,1656893898544627713),(1656957329448574977,1,'烘焙轻食',15,'2023-05-12 17:39:47','2023-05-12 17:39:47',1656893898544627713,1656893898544627713),(1656957399027884033,1,'经典饮品',16,'2023-05-12 17:40:03','2023-05-12 17:40:03',1656893898544627713,1656893898544627713);
/*!40000 ALTER TABLE `category` ENABLE KEYS */;
UNLOCK TABLES;

--
-- Table structure for table `dish`
--

DROP TABLE IF EXISTS `dish`;
/*!40101 SET @saved_cs_client     = @@character_set_client */;
/*!50503 SET character_set_client = utf8mb4 */;
CREATE TABLE `dish` (
  `id` bigint NOT NULL COMMENT '主键',
  `name` varchar(64) CHARACTER SET utf8 COLLATE utf8_bin NOT NULL COMMENT '菜品名称',
  `category_id` bigint NOT NULL COMMENT '菜品分类id',
  `price` decimal(10,2) DEFAULT NULL COMMENT '菜品价格',
  `code` varchar(64) CHARACTER SET utf8 COLLATE utf8_bin NOT NULL COMMENT '商品码',
  `image` varchar(200) CHARACTER SET utf8 COLLATE utf8_bin NOT NULL COMMENT '图片',
  `description` varchar(400) CHARACTER SET utf8 COLLATE utf8_bin DEFAULT NULL COMMENT '描述信息',
  `status` int NOT NULL DEFAULT '1' COMMENT '0 停售 1 起售',
  `sort` int NOT NULL DEFAULT '0' COMMENT '顺序',
  `create_time` datetime NOT NULL COMMENT '创建时间',
  `update_time` datetime NOT NULL COMMENT '更新时间',
  `create_user` bigint NOT NULL COMMENT '创建人',
  `update_user` bigint NOT NULL COMMENT '修改人',
  `is_deleted` int NOT NULL DEFAULT '0' COMMENT '是否删除',
  PRIMARY KEY (`id`) USING BTREE,
  UNIQUE KEY `idx_dish_name` (`name`)
) ENGINE=InnoDB DEFAULT CHARSET=utf8mb3 COLLATE=utf8_bin COMMENT='菜品管理';
/*!40101 SET character_set_client = @saved_cs_client */;

--
-- Dumping data for table `dish`
--

LOCK TABLES `dish` WRITE;
/*!40000 ALTER TABLE `dish` DISABLE KEYS */;
INSERT INTO `dish` VALUES (1656958820188102657,'冰吸生椰拿铁',1656956423663460354,1900.00,'','2b5d289c-f83d-4ad3-b757-f2a4cf0b3c43.jpg','',1,0,'2023-05-12 17:45:42','2023-05-12 17:45:42',1656893898544627713,1656893898544627713,0),(1656959567176867842,'生椰拿铁',1656956423663460354,1800.00,'','3fd4ce65-6e15-42c6-a752-7c80fbd76145.jpg','',1,0,'2023-05-12 17:48:40','2023-05-12 17:48:40',1656893898544627713,1656893898544627713,0),(1656960028692914178,'夏日青提拿铁',1656956423663460354,1900.00,'','077d3416-ad30-4cfd-9aba-064bd7567a1b.jpg','',1,0,'2023-05-12 17:50:30','2023-05-12 17:50:30',1656893898544627713,1656893898544627713,0),(1656960532378492930,'丝绒拿铁',1656956423663460354,1800.00,'','e7d048cb-fa0d-4e93-8638-be2c2bb54235.jpg','',1,0,'2023-05-12 17:52:30','2023-05-12 17:52:30',1656893898544627713,1656893898544627713,0),(1656960786003861505,'茉莉花香拿铁',1656956423663460354,1800.00,'','6fad31f5-8660-4216-905b-55145ec2c9be.jpg','',1,0,'2023-05-12 17:53:31','2023-05-12 17:53:31',1656893898544627713,1656893898544627713,0),(1656961095992287234,'标准美式',1656956604890947585,1300.00,'','38715582-6d03-424f-8dfa-b015a705c03f.jpg','',1,0,'2023-05-12 17:54:45','2023-05-12 17:54:45',1656893898544627713,1656893898544627713,0),(1656961343372337154,'加浓美式',1656956604890947585,1600.00,'','db92ef02-4c44-46f9-b50a-50d847f89a0e.jpg','',1,0,'2023-05-12 17:55:44','2023-05-12 17:55:44',1656893898544627713,1656893898544627713,0),(1656961604681670657,'拿铁',1656956604890947585,1500.00,'','595e2973-011e-4f88-b61b-20ca0c05b08d.jpg','',1,0,'2023-05-12 17:56:46','2023-05-12 17:56:46',1656893898544627713,1656893898544627713,0),(1656961755798249474,'卡布奇诺',1656956604890947585,1700.00,'','670eb3b0-c385-413c-b3ad-0aa91ab07936.jpg','',1,0,'2023-05-12 17:57:22','2023-05-12 17:57:22',1656893898544627713,1656893898544627713,0),(1656961968441073665,'云南小柑橘-Dirty',1656956662629736450,1900.00,'','97688bbd-ae1e-48db-858f-01c153f2de4a.jpg','',1,0,'2023-05-12 17:58:13','2023-05-12 17:58:13',1656893898544627713,1656893898544627713,0),(1656962124758589442,'云南小柑橘-奥瑞白',1656956662629736450,2100.00,'','da594412-a503-4c61-b49e-fffcae83f3c9.jpg','',1,0,'2023-05-12 17:58:50','2023-05-12 17:58:50',1656893898544627713,1656893898544627713,0),(1656962436189855746,'茉莉花香拿铁2',1656956767705440258,1800.00,'','79226190-2804-443c-9c11-a689987a66f7.jpg','',1,0,'2023-05-12 18:00:04','2023-05-12 18:00:04',1656893898544627713,1656893898544627713,0),(1656962574408949761,'茉莉海盐拿铁',1656956767705440258,1900.00,'','c12a8028-d568-4a1a-b0a9-5c4e074cd331.jpg','',1,0,'2023-05-12 18:00:37','2023-05-12 18:00:37',1656893898544627713,1656893898544627713,0),(1656962747554013186,'冰吸生椰拿铁2',1656956832381607938,1900.00,'','d446674b-49b0-4c8e-948e-6dd0175c0118.jpg','',1,0,'2023-05-12 18:01:19','2023-05-12 18:01:19',1656893898544627713,1656893898544627713,0),(1656962839887421441,'生椰拿铁2',1656956832381607938,1800.00,'','7b3a6de5-d2db-431d-b67b-96ff176a98a7.jpg','',1,0,'2023-05-12 18:01:41','2023-05-12 18:01:41',1656893898544627713,1656893898544627713,0),(1656962940223561730,'摸鱼生椰拿铁',1656956832381607938,2000.00,'','5727bd52-5c64-4414-942b-fd02a2c7cb2d.jpg','',1,0,'2023-05-12 18:02:04','2023-05-12 18:02:04',1656893898544627713,1656893898544627713,0);
/*!40000 ALTER TABLE `dish` ENABLE KEYS */;
UNLOCK TABLES;

--
-- Table structure for table `dish_flavor`
--

DROP TABLE IF EXISTS `dish_flavor`;
/*!40101 SET @saved_cs_client     = @@character_set_client */;
/*!50503 SET character_set_client = utf8mb4 */;
CREATE TABLE `dish_flavor` (
  `id` bigint NOT NULL COMMENT '主键',
  `dish_id` bigint NOT NULL COMMENT '菜品',
  `name` varchar(64) CHARACTER SET utf8 COLLATE utf8_bin NOT NULL COMMENT '口味名称',
  `value` varchar(500) CHARACTER SET utf8 COLLATE utf8_bin DEFAULT NULL COMMENT '口味数据list',
  `create_time` datetime NOT NULL COMMENT '创建时间',
  `update_time` datetime NOT NULL COMMENT '更新时间',
  `create_user` bigint NOT NULL COMMENT '创建人',
  `update_user` bigint NOT NULL COMMENT '修改人',
  `is_deleted` int NOT NULL DEFAULT '0' COMMENT '是否删除',
  PRIMARY KEY (`id`) USING BTREE
) ENGINE=InnoDB DEFAULT CHARSET=utf8mb3 COLLATE=utf8_bin COMMENT='菜品口味关系表';
/*!40101 SET character_set_client = @saved_cs_client */;

--
-- Dumping data for table `dish_flavor`
--

LOCK TABLES `dish_flavor` WRITE;
/*!40000 ALTER TABLE `dish_flavor` DISABLE KEYS */;
INSERT INTO `dish_flavor` VALUES (1656958820204879874,1656958820188102657,'杯型','[\"大杯\"]','2023-05-12 17:45:42','2023-05-12 17:45:42',1656893898544627713,1656893898544627713,0),(1656958820209074177,1656958820188102657,'温度','[\"冰\"]','2023-05-12 17:45:42','2023-05-12 17:45:42',1656893898544627713,1656893898544627713,0),(1656958820213268481,1656958820188102657,'糖度','[\"半糖\",\"标准糖\"]','2023-05-12 17:45:42','2023-05-12 17:45:42',1656893898544627713,1656893898544627713,0),(1656959567193645058,1656959567176867842,'杯型','[\"大杯\"]','2023-05-12 17:48:40','2023-05-12 17:48:40',1656893898544627713,1656893898544627713,0),(1656959567206227969,1656959567176867842,'温度','[\"冰\"]','2023-05-12 17:48:40','2023-05-12 17:48:40',1656893898544627713,1656893898544627713,0),(1656959567210422274,1656959567176867842,'糖度','[\"半糖\",\"标准糖\"]','2023-05-12 17:48:40','2023-05-12 17:48:40',1656893898544627713,1656893898544627713,0),(1656960028705497090,1656960028692914178,'杯型','[\"大杯\"]','2023-05-12 17:50:30','2023-05-12 17:50:30',1656893898544627713,1656893898544627713,0),(1656960028713885698,1656960028692914178,'温度','[\"冰\"]','2023-05-12 17:50:30','2023-05-12 17:50:30',1656893898544627713,1656893898544627713,0),(1656960028718080002,1656960028692914178,'0卡糖','[\"标准甜\",\"少甜\",\"少少甜\"]','2023-05-12 17:50:30','2023-05-12 17:50:30',1656893898544627713,1656893898544627713,0),(1656960532399464449,1656960532378492930,'杯型','[\"大杯\"]','2023-05-12 17:52:30','2023-05-12 17:52:30',1656893898544627713,1656893898544627713,0),(1656960532407853058,1656960532378492930,'温度','[\"冰\",\"热\"]','2023-05-12 17:52:30','2023-05-12 17:52:30',1656893898544627713,1656893898544627713,0),(1656960532412047362,1656960532378492930,'糖度','[\"半糖\",\"标准糖\"]','2023-05-12 17:52:30','2023-05-12 17:52:30',1656893898544627713,1656893898544627713,0),(1656960786024833025,1656960786003861505,'杯型','[\"大杯\"]','2023-05-12 17:53:31','2023-05-12 17:53:31',1656893898544627713,1656893898544627713,0),(1656960786037415938,1656960786003861505,'温度','[\"冰\",\"热\"]','2023-05-12 17:53:31','2023-05-12 17:53:31',1656893898544627713,1656893898544627713,0),(1656960786041610241,1656960786003861505,'糖度','[\"半糖\"]','2023-05-12 17:53:31','2023-05-12 17:53:31',1656893898544627713,1656893898544627713,0),(1656961096009064449,1656961095992287234,'杯型','[\"大杯\"]','2023-05-12 17:54:45','2023-05-12 17:54:45',1656893898544627713,1656893898544627713,0),(1656961096021647361,1656961095992287234,'温度','[\"热\",\"冰\"]','2023-05-12 17:54:45','2023-05-12 17:54:45',1656893898544627713,1656893898544627713,0),(1656961096030035970,1656961095992287234,'糖度','[\"0糖\",\"半糖\",\"标准糖\"]','2023-05-12 17:54:45','2023-05-12 17:54:45',1656893898544627713,1656893898544627713,0),(1656961343393308673,1656961343372337154,'杯型','[\"大杯\"]','2023-05-12 17:55:44','2023-05-12 17:55:44',1656893898544627713,1656893898544627713,0),(1656961343401697281,1656961343372337154,'温度','[\"热饮\",\"常温\",\"去冰\",\"少冰\",\"多冰\"]','2023-05-12 17:55:44','2023-05-12 17:55:44',1656893898544627713,1656893898544627713,0),(1656961343405891586,1656961343372337154,'糖度','[\"半糖\",\"标准糖\"]','2023-05-12 17:55:44','2023-05-12 17:55:44',1656893898544627713,1656893898544627713,0),(1656961604690059266,1656961604681670657,'杯型','[\"大杯\"]','2023-05-12 17:56:46','2023-05-12 17:56:46',1656893898544627713,1656893898544627713,0),(1656961604694253569,1656961604681670657,'温度','[\"热饮\",\"常温\",\"去冰\",\"少冰\",\"多冰\"]','2023-05-12 17:56:46','2023-05-12 17:56:46',1656893898544627713,1656893898544627713,0),(1656961604694253570,1656961604681670657,'糖度','[\"半糖\",\"标准糖\"]','2023-05-12 17:56:46','2023-05-12 17:56:46',1656893898544627713,1656893898544627713,0),(1656961755810832385,1656961755798249474,'甜味','[\"无糖\",\"少糖\",\"半糖\",\"多糖\",\"全糖\"]','2023-05-12 17:57:22','2023-05-12 17:57:22',1656893898544627713,1656893898544627713,0),(1656961755819220994,1656961755798249474,'温度','[\"热饮\",\"常温\",\"去冰\",\"少冰\",\"多冰\"]','2023-05-12 17:57:22','2023-05-12 17:57:22',1656893898544627713,1656893898544627713,0),(1656961755819220995,1656961755798249474,'杯型','[\"大杯\"]','2023-05-12 17:57:22','2023-05-12 17:57:22',1656893898544627713,1656893898544627713,0),(1656961968457850881,1656961968441073665,'甜味','[\"无糖\",\"少糖\",\"半糖\",\"多糖\",\"全糖\"]','2023-05-12 17:58:13','2023-05-12 17:58:13',1656893898544627713,1656893898544627713,0),(1656961968462045186,1656961968441073665,'温度','[\"热饮\",\"常温\",\"去冰\",\"少冰\",\"多冰\"]','2023-05-12 17:58:13','2023-05-12 17:58:13',1656893898544627713,1656893898544627713,0),(1656961968466239489,1656961968441073665,'杯型','[\"大杯\"]','2023-05-12 17:58:13','2023-05-12 17:58:13',1656893898544627713,1656893898544627713,0),(1656962124775366658,1656962124758589442,'甜味','[\"无糖\",\"少糖\",\"半糖\",\"多糖\",\"全糖\"]','2023-05-12 17:58:50','2023-05-12 17:58:50',1656893898544627713,1656893898544627713,0),(1656962124779560962,1656962124758589442,'温度','[\"热饮\",\"常温\",\"去冰\",\"少冰\",\"多冰\"]','2023-05-12 17:58:50','2023-05-12 17:58:50',1656893898544627713,1656893898544627713,0),(1656962124783755265,1656962124758589442,'杯型','[\"大杯\"]','2023-05-12 17:58:50','2023-05-12 17:58:50',1656893898544627713,1656893898544627713,0),(1656962436210827266,1656962436189855746,'甜味','[\"无糖\",\"少糖\",\"半糖\",\"多糖\",\"全糖\"]','2023-05-12 18:00:04','2023-05-12 18:00:04',1656893898544627713,1656893898544627713,0),(1656962436215021569,1656962436189855746,'温度','[\"热饮\",\"常温\",\"去冰\",\"少冰\",\"多冰\"]','2023-05-12 18:00:04','2023-05-12 18:00:04',1656893898544627713,1656893898544627713,0),(1656962574421532673,1656962574408949761,'甜味','[\"无糖\",\"少糖\",\"半糖\",\"多糖\",\"全糖\"]','2023-05-12 18:00:37','2023-05-12 18:00:37',1656893898544627713,1656893898544627713,0),(1656962574425726978,1656962574408949761,'温度','[\"热饮\",\"常温\",\"去冰\",\"少冰\",\"多冰\"]','2023-05-12 18:00:37','2023-05-12 18:00:37',1656893898544627713,1656893898544627713,0),(1656962747570790402,1656962747554013186,'甜味','[\"无糖\",\"少糖\",\"半糖\",\"多糖\",\"全糖\"]','2023-05-12 18:01:19','2023-05-12 18:01:19',1656893898544627713,1656893898544627713,0),(1656962747574984706,1656962747554013186,'温度','[\"热饮\",\"常温\",\"去冰\",\"少冰\",\"多冰\"]','2023-05-12 18:01:19','2023-05-12 18:01:19',1656893898544627713,1656893898544627713,0),(1656962839895810049,1656962839887421441,'甜味','[\"无糖\",\"少糖\",\"半糖\",\"多糖\",\"全糖\"]','2023-05-12 18:01:41','2023-05-12 18:01:41',1656893898544627713,1656893898544627713,0),(1656962839895810050,1656962839887421441,'温度','[\"热饮\",\"常温\",\"去冰\",\"少冰\",\"多冰\"]','2023-05-12 18:01:41','2023-05-12 18:01:41',1656893898544627713,1656893898544627713,0),(1656962940240338946,1656962940223561730,'甜味','[\"无糖\",\"少糖\",\"半糖\",\"多糖\",\"全糖\"]','2023-05-12 18:02:04','2023-05-12 18:02:04',1656893898544627713,1656893898544627713,0),(1656962940244533250,1656962940223561730,'温度','[\"热饮\",\"常温\",\"去冰\",\"少冰\",\"多冰\"]','2023-05-12 18:02:04','2023-05-12 18:02:04',1656893898544627713,1656893898544627713,0);
/*!40000 ALTER TABLE `dish_flavor` ENABLE KEYS */;
UNLOCK TABLES;

--
-- Table structure for table `employee`
--

DROP TABLE IF EXISTS `employee`;
/*!40101 SET @saved_cs_client     = @@character_set_client */;
/*!50503 SET character_set_client = utf8mb4 */;
CREATE TABLE `employee` (
  `id` bigint NOT NULL COMMENT '主键',
  `name` varchar(32) CHARACTER SET utf8 COLLATE utf8_bin NOT NULL COMMENT '姓名',
  `username` varchar(32) CHARACTER SET utf8 COLLATE utf8_bin NOT NULL COMMENT '用户名',
  `password` varchar(64) CHARACTER SET utf8 COLLATE utf8_bin NOT NULL COMMENT '密码',
  `phone` varchar(11) CHARACTER SET utf8 COLLATE utf8_bin NOT NULL COMMENT '手机号',
  `sex` varchar(2) CHARACTER SET utf8 COLLATE utf8_bin NOT NULL COMMENT '性别',
  `id_number` varchar(18) CHARACTER SET utf8 COLLATE utf8_bin NOT NULL COMMENT '身份证号',
  `status` int NOT NULL DEFAULT '1' COMMENT '状态 0:禁用，1:正常',
  `create_time` datetime NOT NULL COMMENT '创建时间',
  `update_time` datetime NOT NULL COMMENT '更新时间',
  `create_user` bigint NOT NULL COMMENT '创建人',
  `update_user` bigint NOT NULL COMMENT '修改人',
  PRIMARY KEY (`id`) USING BTREE,
  UNIQUE KEY `idx_username` (`username`)
) ENGINE=InnoDB DEFAULT CHARSET=utf8mb3 COLLATE=utf8_bin COMMENT='员工信息';
/*!40101 SET character_set_client = @saved_cs_client */;

--
-- Dumping data for table `employee`
--

LOCK TABLES `employee` WRITE;
/*!40000 ALTER TABLE `employee` DISABLE KEYS */;
INSERT INTO `employee` VALUES (1,'管理员','admin','e10adc3949ba59abbe56e057f20f883e','13812312312','1','110101199001010047',1,'2021-05-06 17:20:07','2023-05-11 14:56:17',1,1),(2,'alex','test','e10adc3949ba59abbe56e057f20f883e','18999999999','1','610431200202024914',1,'2023-05-11 09:34:35','2023-05-11 09:34:35',1,1),(3,'test','alex','e10adc3949ba59abbe56e057f20f883e','13619185732','1','610431200202024912',1,'2023-05-11 14:43:08','2023-05-11 14:43:08',1,1),(16565528502869278,'hello','hello','e10adc3949ba59abbe56e057f20f883e','18220538911','1','610321202002023310',1,'2023-05-11 14:52:31','2023-05-11 14:52:31',1,1),(1656561262601080834,'world','world','e10adc3949ba59abbe56e057f20f883e','13444444444','1','610431200202029399',1,'2023-05-11 15:25:57','2023-05-11 15:25:57',1,1);
/*!40000 ALTER TABLE `employee` ENABLE KEYS */;
UNLOCK TABLES;

--
-- Table structure for table `order_detail`
--

DROP TABLE IF EXISTS `order_detail`;
/*!40101 SET @saved_cs_client     = @@character_set_client */;
/*!50503 SET character_set_client = utf8mb4 */;
CREATE TABLE `order_detail` (
  `id` bigint NOT NULL COMMENT '主键',
  `name` varchar(50) CHARACTER SET utf8 COLLATE utf8_bin DEFAULT NULL COMMENT '名字',
  `image` varchar(100) CHARACTER SET utf8 COLLATE utf8_bin DEFAULT NULL COMMENT '图片',
  `order_id` bigint NOT NULL COMMENT '订单id',
  `dish_id` bigint DEFAULT NULL COMMENT '菜品id',
  `setmeal_id` bigint DEFAULT NULL COMMENT '套餐id',
  `dish_flavor` varchar(50) CHARACTER SET utf8 COLLATE utf8_bin DEFAULT NULL COMMENT '口味',
  `number` int NOT NULL DEFAULT '1' COMMENT '数量',
  `amount` decimal(10,2) NOT NULL COMMENT '金额',
  PRIMARY KEY (`id`) USING BTREE
) ENGINE=InnoDB DEFAULT CHARSET=utf8mb3 COLLATE=utf8_bin COMMENT='订单明细表';
/*!40101 SET character_set_client = @saved_cs_client */;

--
-- Dumping data for table `order_detail`
--

LOCK TABLES `order_detail` WRITE;
/*!40000 ALTER TABLE `order_detail` DISABLE KEYS */;
INSERT INTO `order_detail` VALUES (1656964368459571202,'茉莉花香拿铁','6fad31f5-8660-4216-905b-55145ec2c9be.jpg',1656964368384073730,1656960786003861505,NULL,'大杯,冰,半糖',1,18.00);
/*!40000 ALTER TABLE `order_detail` ENABLE KEYS */;
UNLOCK TABLES;

--
-- Table structure for table `orders`
--

DROP TABLE IF EXISTS `orders`;
/*!40101 SET @saved_cs_client     = @@character_set_client */;
/*!50503 SET character_set_client = utf8mb4 */;
CREATE TABLE `orders` (
  `id` bigint NOT NULL COMMENT '主键',
  `number` varchar(50) CHARACTER SET utf8 COLLATE utf8_bin DEFAULT NULL COMMENT '订单号',
  `status` int NOT NULL DEFAULT '1' COMMENT '订单状态 1待付款，2待派送，3已派送，4已完成，5已取消',
  `user_id` bigint NOT NULL COMMENT '下单用户',
  `address_book_id` bigint NOT NULL COMMENT '地址id',
  `order_time` datetime NOT NULL COMMENT '下单时间',
  `checkout_time` datetime NOT NULL COMMENT '结账时间',
  `pay_method` int NOT NULL DEFAULT '1' COMMENT '支付方式 1微信,2支付宝',
  `amount` decimal(10,2) NOT NULL COMMENT '实收金额',
  `remark` varchar(100) CHARACTER SET utf8 COLLATE utf8_bin DEFAULT NULL COMMENT '备注',
  `phone` varchar(255) CHARACTER SET utf8 COLLATE utf8_bin DEFAULT NULL,
  `address` varchar(255) CHARACTER SET utf8 COLLATE utf8_bin DEFAULT NULL,
  `user_name` varchar(255) CHARACTER SET utf8 COLLATE utf8_bin DEFAULT NULL,
  `consignee` varchar(255) CHARACTER SET utf8 COLLATE utf8_bin DEFAULT NULL,
  PRIMARY KEY (`id`) USING BTREE
) ENGINE=InnoDB DEFAULT CHARSET=utf8mb3 COLLATE=utf8_bin COMMENT='订单表';
/*!40101 SET character_set_client = @saved_cs_client */;

--
-- Dumping data for table `orders`
--

LOCK TABLES `orders` WRITE;
/*!40000 ALTER TABLE `orders` DISABLE KEYS */;
INSERT INTO `orders` VALUES (1656964368384073730,'1656964368384073730',2,1656893898544627713,1656898082304135170,'2023-05-12 18:07:45','2023-05-12 18:07:45',1,18.00,'','18222222222','某某小区',NULL,'ni');
/*!40000 ALTER TABLE `orders` ENABLE KEYS */;
UNLOCK TABLES;

--
-- Table structure for table `setmeal`
--

DROP TABLE IF EXISTS `setmeal`;
/*!40101 SET @saved_cs_client     = @@character_set_client */;
/*!50503 SET character_set_client = utf8mb4 */;
CREATE TABLE `setmeal` (
  `id` bigint NOT NULL COMMENT '主键',
  `category_id` bigint NOT NULL COMMENT '菜品分类id',
  `name` varchar(64) CHARACTER SET utf8 COLLATE utf8_bin NOT NULL COMMENT '套餐名称',
  `price` decimal(10,2) NOT NULL COMMENT '套餐价格',
  `status` int DEFAULT NULL COMMENT '状态 0:停用 1:启用',
  `code` varchar(32) CHARACTER SET utf8 COLLATE utf8_bin DEFAULT NULL COMMENT '编码',
  `description` varchar(512) CHARACTER SET utf8 COLLATE utf8_bin DEFAULT NULL COMMENT '描述信息',
  `image` varchar(255) CHARACTER SET utf8 COLLATE utf8_bin DEFAULT NULL COMMENT '图片',
  `create_time` datetime NOT NULL COMMENT '创建时间',
  `update_time` datetime NOT NULL COMMENT '更新时间',
  `create_user` bigint NOT NULL COMMENT '创建人',
  `update_user` bigint NOT NULL COMMENT '修改人',
  `is_deleted` int NOT NULL DEFAULT '0' COMMENT '是否删除',
  PRIMARY KEY (`id`) USING BTREE,
  UNIQUE KEY `idx_setmeal_name` (`name`)
) ENGINE=InnoDB DEFAULT CHARSET=utf8mb3 COLLATE=utf8_bin COMMENT='套餐';
/*!40101 SET character_set_client = @saved_cs_client */;

--
-- Dumping data for table `setmeal`
--

LOCK TABLES `setmeal` WRITE;
/*!40000 ALTER TABLE `setmeal` DISABLE KEYS */;
INSERT INTO `setmeal` VALUES (1656963180125167618,1656956494123573249,'冰吸生椰套餐',3190.00,1,'','','3c8c4433-1ff9-4020-b3db-0d3846ca855d.jpg','2023-05-12 18:03:02','2023-05-12 18:03:02',1656893898544627713,1656893898544627713,0),(1656963423847784449,1656956494123573249,'双人拿铁套餐',3300.00,1,'','','41623af8-99cb-4ad1-aff1-84a4784d299b.jpg','2023-05-12 18:04:00','2023-05-12 18:04:00',1656893898544627713,1656893898544627713,0),(1656963567154569217,1656956494123573249,'3被提神咖啡',4500.00,1,'','','aa4e83f7-8ce4-4e82-a016-7dbd6904ee6e.jpg','2023-05-12 18:04:34','2023-05-12 18:04:34',1656893898544627713,1656893898544627713,0);
/*!40000 ALTER TABLE `setmeal` ENABLE KEYS */;
UNLOCK TABLES;

--
-- Table structure for table `setmeal_dish`
--

DROP TABLE IF EXISTS `setmeal_dish`;
/*!40101 SET @saved_cs_client     = @@character_set_client */;
/*!50503 SET character_set_client = utf8mb4 */;
CREATE TABLE `setmeal_dish` (
  `id` bigint NOT NULL COMMENT '主键',
  `setmeal_id` varchar(32) CHARACTER SET utf8 COLLATE utf8_bin NOT NULL COMMENT '套餐id ',
  `dish_id` varchar(32) CHARACTER SET utf8 COLLATE utf8_bin NOT NULL COMMENT '菜品id',
  `name` varchar(32) CHARACTER SET utf8 COLLATE utf8_bin DEFAULT NULL COMMENT '菜品名称 （冗余字段）',
  `price` decimal(10,2) DEFAULT NULL COMMENT '菜品原价（冗余字段）',
  `copies` int NOT NULL COMMENT '份数',
  `sort` int NOT NULL DEFAULT '0' COMMENT '排序',
  `create_time` datetime NOT NULL COMMENT '创建时间',
  `update_time` datetime NOT NULL COMMENT '更新时间',
  `create_user` bigint NOT NULL COMMENT '创建人',
  `update_user` bigint NOT NULL COMMENT '修改人',
  `is_deleted` int NOT NULL DEFAULT '0' COMMENT '是否删除',
  PRIMARY KEY (`id`) USING BTREE
) ENGINE=InnoDB DEFAULT CHARSET=utf8mb3 COLLATE=utf8_bin COMMENT='套餐菜品关系';
/*!40101 SET character_set_client = @saved_cs_client */;

--
-- Dumping data for table `setmeal_dish`
--

LOCK TABLES `setmeal_dish` WRITE;
/*!40000 ALTER TABLE `setmeal_dish` DISABLE KEYS */;
INSERT INTO `setmeal_dish` VALUES (1656963180146139137,'1656963180125167618','1656958820188102657','冰吸生椰拿铁',1900.00,1,0,'2023-05-12 18:03:02','2023-05-12 18:03:02',1656893898544627713,1656893898544627713,0),(1656963180150333441,'1656963180125167618','1656962839887421441','生椰拿铁2',1800.00,1,0,'2023-05-12 18:03:02','2023-05-12 18:03:02',1656893898544627713,1656893898544627713,0),(1656963423864561666,'1656963423847784449','1656960532378492930','丝绒拿铁',1800.00,1,0,'2023-05-12 18:04:00','2023-05-12 18:04:00',1656893898544627713,1656893898544627713,0),(1656963423872950274,'1656963423847784449','1656959567176867842','生椰拿铁',1800.00,1,0,'2023-05-12 18:04:00','2023-05-12 18:04:00',1656893898544627713,1656893898544627713,0),(1656963567179735041,'1656963567154569217','1656960786003861505','茉莉花香拿铁',1800.00,1,0,'2023-05-12 18:04:34','2023-05-12 18:04:34',1656893898544627713,1656893898544627713,0),(1656963567192317953,'1656963567154569217','1656960532378492930','丝绒拿铁',1800.00,1,0,'2023-05-12 18:04:34','2023-05-12 18:04:34',1656893898544627713,1656893898544627713,0),(1656963567192317954,'1656963567154569217','1656960028692914178','夏日青提拿铁',1900.00,1,0,'2023-05-12 18:04:34','2023-05-12 18:04:34',1656893898544627713,1656893898544627713,0);
/*!40000 ALTER TABLE `setmeal_dish` ENABLE KEYS */;
UNLOCK TABLES;

--
-- Table structure for table `shopping_cart`
--

DROP TABLE IF EXISTS `shopping_cart`;
/*!40101 SET @saved_cs_client     = @@character_set_client */;
/*!50503 SET character_set_client = utf8mb4 */;
CREATE TABLE `shopping_cart` (
  `id` bigint NOT NULL COMMENT '主键',
  `name` varchar(50) CHARACTER SET utf8 COLLATE utf8_bin DEFAULT NULL COMMENT '名称',
  `image` varchar(100) CHARACTER SET utf8 COLLATE utf8_bin DEFAULT NULL COMMENT '图片',
  `user_id` bigint NOT NULL COMMENT '主键',
  `dish_id` varchar(20) COLLATE utf8_bin DEFAULT NULL COMMENT '菜品id',
  `setmeal_id` bigint DEFAULT NULL COMMENT '套餐id',
  `dish_flavor` varchar(50) CHARACTER SET utf8 COLLATE utf8_bin DEFAULT NULL COMMENT '口味',
  `number` int NOT NULL DEFAULT '1' COMMENT '数量',
  `amount` decimal(10,2) NOT NULL COMMENT '金额',
  `create_time` datetime DEFAULT NULL COMMENT '创建时间',
  PRIMARY KEY (`id`) USING BTREE
) ENGINE=InnoDB DEFAULT CHARSET=utf8mb3 COLLATE=utf8_bin COMMENT='购物车';
/*!40101 SET character_set_client = @saved_cs_client */;

--
-- Dumping data for table `shopping_cart`
--

LOCK TABLES `shopping_cart` WRITE;
/*!40000 ALTER TABLE `shopping_cart` DISABLE KEYS */;
/*!40000 ALTER TABLE `shopping_cart` ENABLE KEYS */;
UNLOCK TABLES;

--
-- Table structure for table `user`
--

DROP TABLE IF EXISTS `user`;
/*!40101 SET @saved_cs_client     = @@character_set_client */;
/*!50503 SET character_set_client = utf8mb4 */;
CREATE TABLE `user` (
  `id` bigint NOT NULL COMMENT '主键',
  `name` varchar(50) CHARACTER SET utf8 COLLATE utf8_bin DEFAULT NULL COMMENT '姓名',
  `phone` varchar(100) CHARACTER SET utf8 COLLATE utf8_bin NOT NULL COMMENT '手机号',
  `sex` varchar(2) CHARACTER SET utf8 COLLATE utf8_bin DEFAULT NULL COMMENT '性别',
  `id_number` varchar(18) CHARACTER SET utf8 COLLATE utf8_bin DEFAULT NULL COMMENT '身份证号',
  `avatar` varchar(500) CHARACTER SET utf8 COLLATE utf8_bin DEFAULT NULL COMMENT '头像',
  `status` int DEFAULT '0' COMMENT '状态 0:禁用，1:正常',
  PRIMARY KEY (`id`) USING BTREE
) ENGINE=InnoDB DEFAULT CHARSET=utf8mb3 COLLATE=utf8_bin COMMENT='用户信息';
/*!40101 SET character_set_client = @saved_cs_client */;

--
-- Dumping data for table `user`
--

LOCK TABLES `user` WRITE;
/*!40000 ALTER TABLE `user` DISABLE KEYS */;
INSERT INTO `user` VALUES (1656893898544627713,NULL,'18220538910',NULL,NULL,NULL,1),(1656901255458684929,NULL,'13619185732',NULL,NULL,NULL,1);
/*!40000 ALTER TABLE `user` ENABLE KEYS */;
UNLOCK TABLES;
/*!40103 SET TIME_ZONE=@OLD_TIME_ZONE */;

/*!40101 SET SQL_MODE=@OLD_SQL_MODE */;
/*!40014 SET FOREIGN_KEY_CHECKS=@OLD_FOREIGN_KEY_CHECKS */;
/*!40014 SET UNIQUE_CHECKS=@OLD_UNIQUE_CHECKS */;
/*!40101 SET CHARACTER_SET_CLIENT=@OLD_CHARACTER_SET_CLIENT */;
/*!40101 SET CHARACTER_SET_RESULTS=@OLD_CHARACTER_SET_RESULTS */;
/*!40101 SET COLLATION_CONNECTION=@OLD_COLLATION_CONNECTION */;
/*!40111 SET SQL_NOTES=@OLD_SQL_NOTES */;

-- Dump completed on 2023-05-15 13:28:37
